provider_id,npi,name,specialty,street,city,state,zip,phone
PRV00001,5566009041,Jean Lawson,Pediatrics,141 Hodges Mountains,Kramerville,NM,04216,001-507-843-9150x00806
PRV00002,7225516707,Thomas Nielsen,Internal Medicine,377 Michael Springs,Port Steve,LA,03317,624-615-8683
PRV00003,1901749037,Jennifer Burns,Gastroenterology,690 Sanchez Union Suite 625,Christopherhaven,CT,21957,4705499962
PRV00004,8884551090,Monica Reyes,Psychiatry,88368 Farley Ports,Stephenview,TN,72327,001-882-988-3607x5983
PRV00005,4294916953,Tony Jones,OB/GYN,5088 Ellis Burgs Apt. 289,Port Christopher,OH,33962,7706434192
PRV00006,7207890733,Robert Green,Urology,24824 Gibson Islands,Wellstown,ME,51167,983-896-0306x202
PRV00007,4443818037,Walter Hutchinson,Urology,873 Ralph Ports,Donnachester,AR,97160,511-944-2694x2080
PRV00008,5059906722,Brian Wade,Endocrinology,980 Gonzalez Courts,New Emily,NE,78018,487-705-9640x2359
PRV00009,1131383004,Gary Hunter,Orthopedics,41685 Tate Place Apt. 101,East Garrett,ND,28415,355-751-4397x298
PRV00010,9079837913,Derek Macdonald,Family Medicine,1622 Wilson Radial,Jonesside,IN,74683,001-281-374-1040
PRV00011,9714663815,Michelle Edwards,Gastroenterology,03396 Darrell Expressway Apt. 216,Drakeside,PW,39039,850.700.4957
PRV00012,8575038095,Ann Mullins,Cardiology,15971 Lewis River Suite 542,West James,MN,11166,795-636-4052
PRV00013,3374513802,Alison Smith,Psychiatry,1899 John Brooks,South Charles,OH,09796,001-757-672-1851x82222
PRV00014,5387264885,Mrs. Elizabeth Medina,Orthopedics,894 Patricia Divide,Port Leslieside,MP,98304,9349176848
PRV00015,1429497919,David Calderon,Oncology,5247 Laura Mall,North Heathershire,DC,78298,(996)529-1370x2858
PRV00016,8988409533,Maria Wood,Gastroenterology,7736 Castro Stream,Teresabury,AR,09879,834.444.8527x91198
PRV00017,8486757898,Kelly Davis MD,Internal Medicine,6390 Maldonado Stravenue,Patrickburgh,ND,96169,841-829-1736
PRV00018,9449103790,Justin Moyer,Urology,7297 David Rapid,Blankenshipport,KY,33035,679.600.9343x24283
PRV00019,3878940490,Paul Gardner,Oncology,728 Henry Walks Apt. 396,West Lisa,MH,03666,+1-921-985-9468x58501
PRV00020,4664843848,Kelly Pineda,Dermatology,8659 Wilson Lane Suite 380,Cynthiahaven,ID,61001,001-842-879-8358x069
PRV00021,8719792472,Lisa Bailey,Psychiatry,917 Danielle Run Suite 062,Pattonburgh,WI,10123,668-342-7472x780
PRV00022,3855051695,Ronald Mills,OB/GYN,51702 Hannah Locks Suite 943,East Norma,KY,09486,(878)880-2484x593
PRV00023,2609337231,Timothy Fitzpatrick,Orthopedics,4953 Stuart Squares,Port Donna,PR,82087,643.912.9792
PRV00024,8902531710,Brett Lopez Jr.,Psychiatry,27546 Darrell Ford,Carlosbury,MO,42623,+1-403-307-8975x419
PRV00025,5421990790,David Crawford,Orthopedics,3776 Teresa Freeway,Stevenshire,MS,28276,631-500-0756
PRV00026,7778213901,Donald Wilson,Family Medicine,20062 Annette Glens Apt. 174,North Amandahaven,MP,17399,730-672-4376
PRV00027,1731644238,Derek Bishop,Gastroenterology,330 Michael Rapids Apt. 586,Lake Nicole,NE,87321,001-714-321-2036x00187
PRV00028,3355095800,Amy Green,Oncology,28072 Hines Mission Apt. 841,Laurenland,ME,04982,001-724-861-4163x8835
PRV00029,7501599785,Austin Turner,OB/GYN,27889 Penny Village Suite 235,Meyerville,MT,45770,+1-385-464-5545x8808
PRV00030,6812268282,Samuel King II,Endocrinology,559 Shannon Harbors Suite 756,New Laurieberg,AR,69144,001-455-256-4795
PRV00031,4132749951,Christine Jones,Dermatology,3921 Katie Stream,Port Coryside,TX,35330,001-781-913-2860
PRV00032,4475229416,Katelyn Powell,OB/GYN,39736 Lowe Plains Apt. 714,Harrisside,WI,50402,799.660.5703x40814
PRV00033,6177519760,Amanda Fisher,Oncology,869 Chavez Curve Suite 928,West Dana,NE,96987,901-310-6474x5756
PRV00034,3381134998,Jessica Waters,Family Medicine,2620 Lisa Land Apt. 946,Sheilaport,WA,55650,637.466.1123x2301
PRV00035,7070506973,John Mcguire,Oncology,62016 Andrea Place Suite 501,Conleyville,KS,90226,8313617487
PRV00036,7074907055,Mary Frost DVM,Orthopedics,26932 Butler Plain Suite 783,Michelleville,AL,99824,408-474-1384x436
PRV00037,7925430606,Christopher Blake,Family Medicine,68908 Sonya Groves Suite 744,Lewisstad,PA,62176,001-997-982-0858x2359
PRV00038,3576358404,Samantha Robinson,Psychiatry,22431 Anna Spur Apt. 393,Roberttown,WI,03129,001-334-654-9860x1552
PRV00039,3510240337,Blake Frost,Neurology,905 Christopher Cove,Loganview,NC,07023,(631)854-0851x529
PRV00040,2096479553,Amy Romero,Internal Medicine,998 Elliott Plain,Turnerbury,SC,40172,(633)664-8048
PRV00041,1302595366,Samantha Webb,Gastroenterology,61518 Gardner Vista Apt. 947,East Charles,OR,19103,001-255-242-2676x19244
PRV00042,2945614990,Brett Maxwell,Family Medicine,8170 George Manors,Sarahchester,MO,79901,+1-900-519-2885x8495
PRV00043,8540187780,Ian Molina,Neurology,85210 Henderson Stream,Jonton,RI,57500,373-298-2051x82875
PRV00044,2153807478,Bryan Freeman,Cardiology,62631 Matthew Isle Apt. 775,Curtisborough,NE,58251,622-406-6101x276
PRV00045,3683504527,Vickie Solomon,Neurology,140 Sanders Roads,New Heather,AL,71820,+1-825-531-8822x69083
PRV00046,2246761692,Margaret Mendoza,Orthopedics,389 John Tunnel,Wilsonton,MS,12256,930.804.7462x92858
PRV00047,5980553707,Lisa Simon,Pediatrics,663 Montoya Lake,West Ashley,PR,23459,524-544-5649x70224
PRV00048,5088626994,Timothy Hernandez,Oncology,893 Moran Garden,New Steven,VT,26169,+1-800-466-6299x28813
PRV00049,8351222782,Lisa Fischer,Gastroenterology,65234 Michael Plain Suite 184,Lake Steven,LA,82037,590-805-2211x693
PRV00050,8312721060,Ms. Mary Gardner,Psychiatry,368 Lisa Prairie,Jessicaville,AS,26917,840.828.8364
PRV00051,3034831019,Sarah Bass,Psychiatry,1228 Shawn Cape Suite 368,Rebeccaville,CA,89383,529.583.8685
PRV00052,6635018266,Rebecca Wilkinson DDS,Family Medicine,915 Stephen Village Apt. 247,New Waltershire,MO,12557,(645)370-8706x4952
PRV00053,6102589964,Kari Walters,Orthopedics,6809 Benjamin Pines Apt. 155,Karenton,SC,49018,+1-575-488-0255
PRV00054,5195058968,Danielle Tyler,Internal Medicine,165 Underwood Junctions,Chelseaton,VT,08819,001-668-549-9112x46124
PRV00055,5189970085,Jeremy Cox,Endocrinology,47084 Lynn Club,Matthewport,VI,68156,001-500-356-2809x8623
PRV00056,5371694837,Timothy Reid,Cardiology,814 Gonzalez Centers,Suzannemouth,RI,95296,3704248003
PRV00057,9741658811,Michael Phillips,Pediatrics,337 Sanchez Parkways,Markland,ID,78399,001-869-775-0701
PRV00058,4574464663,Jennifer Fernandez,Pediatrics,63879 Greene Streets Suite 972,Emmahaven,ME,74353,940-790-7753x873
PRV00059,7513745319,Rachel Berg,Gastroenterology,6015 Jonathan Plains,West Nicholasmouth,MA,40979,715.511.2469
PRV00060,5426823972,Jennifer Hall,Cardiology,289 Turner Lane,Homouth,AS,10227,4936336639
PRV00061,8004867726,Ryan Goodwin,Gastroenterology,47722 Victoria Mews Suite 875,New Debbieside,TN,36692,+1-471-483-9465x3019
PRV00062,8462296296,Kevin Boyd,Family Medicine,13006 Carl Branch Apt. 855,New Alanborough,NJ,26729,723.760.3870
PRV00063,5157113076,Dustin Cooper,Pediatrics,09281 Jeffery Fall Suite 105,North Marissa,FL,30770,001-217-333-2103
PRV00064,2315920532,Phillip Nielsen,Family Medicine,344 Pitts Stravenue,Lake Johnathanborough,MD,46366,+1-366-816-3752x913
PRV00065,9329180414,Joshua Acosta,Internal Medicine,455 Bryant Knoll Suite 678,West Davidburgh,ME,74794,(772)722-1943
PRV00066,5974462864,Joseph Galloway,Urology,7416 Andrea Mission,Port Ericmouth,CA,90299,001-635-558-5855x1260
PRV00067,2083869816,Courtney Hunter,Endocrinology,45963 Barton Fort,Heiditown,ID,13233,822-931-4988x898
PRV00068,4652984215,David Horton,Family Medicine,85361 Harris Track Apt. 230,South Michael,AR,47730,517.739.5290
PRV00069,4519356806,Samuel Baker,Endocrinology,005 Hansen Dale Suite 185,Cassieshire,CO,63536,+1-450-625-3544x47604
PRV00070,2979346392,Guy Sanders,Endocrinology,66934 Tate Stravenue,Johnstonview,TX,23094,993.967.2730x31108
PRV00071,3185596104,Michael Bates,Neurology,297 Smith Plaza Suite 299,Brettstad,GU,46757,917-953-2270x5952
PRV00072,6155710781,William Rivera,OB/GYN,390 Pena Pass,South Victoria,DE,41764,(698)443-8677
PRV00073,6128700542,Russell Brown,Internal Medicine,342 Lisa Junctions Apt. 668,New Paige,NV,70390,001-211-586-2762x7789
PRV00074,6970264572,Ashley Brown,Internal Medicine,6452 White Trail Apt. 801,South Melissa,NV,44449,946.475.8126x869
PRV00075,3146624321,Jennifer Hughes,Oncology,52933 Olivia Run Apt. 116,South Edwardstad,OH,42659,001-974-449-6542x172
PRV00076,2208396417,Carol Herrera,Orthopedics,81855 Lynn Points Suite 958,Morrisfurt,GU,70789,+1-830-559-0560x555
PRV00077,4361672518,Gregory Stokes,Pediatrics,56620 Curtis Keys Apt. 319,Paulport,CT,57381,(618)525-2665
PRV00078,2843573563,Emily Taylor,Orthopedics,28221 Richards Curve,Andersonmouth,PA,96525,(423)537-9701x287
PRV00079,3896762489,Robert Li,Dermatology,245 Patrick Burgs Suite 333,Lake Heiditon,KY,68524,001-816-851-7987x42655
PRV00080,2007773001,Jeffrey Floyd,OB/GYN,8331 John Brooks Apt. 679,Bradleyton,HI,69612,(223)756-5908x72859
PRV00081,1173518645,Veronica Jordan,Urology,16205 Edward Burg,Littlefort,CA,98832,889.981.2869x8638
PRV00082,1728830787,Mr. Jeffrey Evans,Pediatrics,1139 Garcia Knoll Apt. 319,North Williambury,CO,40788,+1-209-604-9773x4577
PRV00083,6209658731,Karen Mccoy,Oncology,774 Manuel Shoals,Wolfchester,TX,73896,401-927-1544x8421
PRV00084,6391434752,Diane Lucas,Neurology,7958 Martinez Bridge,Port Joseph,AS,08991,001-980-796-1159x9971
PRV00085,2461513966,Harry Vaughn,Orthopedics,20910 Angela Inlet,East Amanda,IN,28985,001-664-292-4931
PRV00086,3099349203,Dr. Tiffany Perry,Dermatology,9476 Pittman Cliff,East Katrina,AZ,83959,(582)623-3051x753
PRV00087,5742825007,Melissa James,Endocrinology,861 Cohen Tunnel,South Larryport,MH,27835,6678802371
PRV00088,2746329094,Lori Ross,Family Medicine,513 Travis Crescent,South Michael,SD,78455,(606)926-2046x96139
PRV00089,4384934383,Jennifer Arellano,OB/GYN,8152 Harding Springs Apt. 815,Bakerville,LA,18719,2798286738
PRV00090,2464143461,Heather Davis,Pediatrics,9130 Miller Ridge,West Kaylaland,CA,06444,695.652.5835x9333
PRV00091,9272817571,Rebecca Massey,Endocrinology,490 King Shoals Apt. 232,West Raymondberg,GA,73007,356-632-0736
PRV00092,6440536624,Kyle Jackson,Internal Medicine,487 Miller Cliffs,North Alexandra,VT,73393,(681)630-3438x94445
PRV00093,4973133406,Taylor Hanson,Dermatology,07031 Hayes Hollow,East Emilyville,ID,04449,+1-407-708-3728x03210
PRV00094,9146519667,Kim Ramirez,Psychiatry,843 Smith Harbors,Jonathonside,MS,53457,(279)762-9380
PRV00095,4380202246,Kimberly Vargas,Internal Medicine,56069 Collier Tunnel,Port Hannahberg,OH,54340,534.464.8094
PRV00096,9643113768,Teresa Robinson,Dermatology,37206 Smith Unions,Port Sophiashire,NE,62744,816.531.2587x785
PRV00097,1062483857,Julia Rodriguez,Gastroenterology,6569 Nicholas River Apt. 295,North Robertshire,NM,08474,+1-437-458-1504x9895
PRV00098,1171899776,Patrick Jackson,OB/GYN,473 Brady Burgs Suite 144,New Christopherhaven,TN,24240,(667)271-9791x000
PRV00099,7815223510,Crystal Foster MD,Cardiology,2879 Smith Well Suite 335,North Scottborough,MO,20566,6789982063
PRV00100,5791285915,Joshua Waters,Pediatrics,96668 Nelson Junction,North Thomaschester,GA,56936,001-689-524-6745x7686
PRV00101,3924400459,Robert Rodriguez,Pediatrics,883 Smith Shoals Apt. 462,Wendyshire,KS,64811,(916)202-1178
PRV00102,5736636597,Daryl Swanson,Pediatrics,0873 Larson Creek,Rachelfurt,SD,51497,+1-256-766-9422
PRV00103,8809754260,Patricia Evans,OB/GYN,1959 Dustin Stravenue Apt. 837,West Christina,PW,82590,001-526-867-5081x0532
PRV00104,7343710060,Austin White,Oncology,946 Frost Junctions Apt. 990,Port Angela,NJ,23591,376.888.4486
PRV00105,2363292806,Melissa Blake,Internal Medicine,15290 Walsh Highway Suite 097,Brendaside,MD,96059,2978166190
PRV00106,7857218719,Linda Gentry,Family Medicine,60248 Colon Expressway Suite 499,Joyceton,WI,51723,827-969-8281x99964
PRV00107,6975455100,Richard Williams,Psychiatry,424 Hill Glens,North Marthaville,NH,20338,411-709-1046
PRV00108,1270431723,Krystal Jackson,OB/GYN,69932 Hutchinson Way,West Maria,MO,67672,610.909.4171x00484
PRV00109,9460211552,Marc Grant,Orthopedics,34288 Michael Station Suite 162,Danielview,WV,28161,+1-603-275-2656x971
PRV00110,2074011648,Robert Hill,Internal Medicine,853 Jerome Street Apt. 654,South Kelseyberg,NE,63906,416.562.1783
PRV00111,8250720004,Terry Jones,Neurology,5549 Anthony Glens Suite 980,Alvinburgh,UT,26831,001-655-831-0659x565
PRV00112,6823232568,Edward Ross,Gastroenterology,9163 Ibarra Trail Suite 019,East Cindybury,WI,70685,3168293767
PRV00113,3326164021,Jeffrey Boyd,Pediatrics,734 Michelle Hill,West Madeline,NY,40330,640.448.9474
PRV00114,1855625789,Amanda Pope,Dermatology,5246 Shepard Village Suite 260,New Jamiemouth,AR,69038,+1-352-205-3958x638
PRV00115,2205969803,Dwayne Huerta,Orthopedics,70249 Melissa Meadow Suite 200,Myersside,TX,87006,3357699793
PRV00116,2923725476,Jerry Graham,Neurology,238 Camacho Unions Suite 634,West Antonioland,HI,81631,240-872-4832
PRV00117,6271755529,Melanie Davidson,Gastroenterology,840 Morgan Glens,New Heather,CA,23416,590.436.0086x92066
PRV00118,5471285397,Stephanie Marquez,Dermatology,97885 Lee Ranch,Loribury,TN,38834,001-645-494-8338x013
PRV00119,2300556176,Holly Maxwell,Pediatrics,20936 Scott Roads Suite 600,Lake Tyler,NE,40000,(893)244-4792x952
PRV00120,1395325658,Susan Henderson,Orthopedics,1737 Williams Junction,Port Haileyfort,WY,57049,(897)836-6411x255
PRV00121,6341905516,Gregory Wagner,Cardiology,0693 Yesenia Walks,Reyesberg,IN,81681,001-226-279-2083x32148
PRV00122,4726124871,Kimberly Henry,Internal Medicine,3042 Carlos Estate Suite 421,Port Ethan,MT,28890,+1-617-333-1233x992
PRV00123,1322680002,Justin Myers,Urology,58429 Hamilton Point Apt. 289,Port Nicolechester,MN,29849,+1-992-500-5972x79552
PRV00124,5337560326,Damon Hale,Gastroenterology,493 Chelsea Haven Apt. 136,Lake Mary,NM,94464,249-836-0756x3128
PRV00125,8697374920,Amanda Cameron,Neurology,87758 Johnson Rue,Pricebury,NC,01565,650.827.2722
PRV00126,4689871226,Joseph Contreras,Psychiatry,116 Richardson Camp,Walkerfort,ID,22630,+1-747-399-8334x1900
PRV00127,8709395414,Paul Orozco,Internal Medicine,8162 Lacey Station,West Sharon,WA,47516,916.850.4395x501
PRV00128,3857216034,Stefanie Maynard,Internal Medicine,243 Buck Forest Apt. 002,Nguyenton,KY,78311,001-830-526-5470x614
PRV00129,4333792198,Dr. Stacey Jones DDS,Pediatrics,969 Smith Valley,Port Thomas,WV,20049,588.422.6295
PRV00130,6668429148,Jessica Sanders,Pediatrics,120 Key Knoll,East Jackietown,CA,60295,+1-226-965-7547x24043
PRV00131,7880076561,Brandon Orr,Internal Medicine,19703 Jennifer Valley,Walkerview,HI,95230,751-418-3358x87169
PRV00132,4838664821,James Richardson,Pediatrics,152 Bishop Motorway,Robinsonland,TN,83587,768-299-1365x87517
PRV00133,4103665995,Teresa Mccarthy,Pediatrics,6234 Francis Prairie,Brianville,KY,84134,+1-779-637-6027
PRV00134,3961788762,Joseph Banks,Neurology,96283 Tucker Ramp Suite 882,Lake Jamestown,MI,31646,+1-462-330-3880
PRV00135,6578846306,Judy Simon,Pediatrics,84355 Clayton Wells,Kellyton,OH,08645,544-364-6741x90161
PRV00136,1678162217,Joel Miller,Oncology,71353 Mitchell Mountain,Hortonshire,VT,67273,8148973462
PRV00137,6357099354,Nicholas Thompson,Urology,37044 Snyder Walk Suite 191,Lake Sean,IL,55695,001-966-658-2182x09388
PRV00138,9866591445,Andrea Dunlap,Neurology,2076 Graham Lakes Apt. 437,Velasquezchester,LA,36799,248.838.5322x436
PRV00139,8766385917,Michael Barker,Psychiatry,21127 Pope Forges Suite 964,West Virginiaville,WA,56990,+1-202-712-8761
PRV00140,7605917003,Amanda Arellano,Oncology,0470 Mitchell Road Apt. 442,Tracimouth,OH,12272,(855)972-4040x8990
PRV00141,2454572916,Andrew Ortiz,Family Medicine,861 Morgan Port,Port Patrickfort,VI,28653,+1-353-802-7746
PRV00142,3086422589,Ashlee Mcmahon,Dermatology,841 Rachel Manors Apt. 531,Coxshire,PA,43914,+1-952-925-1348x917
PRV00143,3450723963,Jean Bishop,Neurology,8872 Aaron Inlet Apt. 232,South Krystal,CO,63992,001-468-986-7472x3604
PRV00144,8265810850,Molly Brown,Family Medicine,67053 Justin Trail,Mayerberg,AS,79315,+1-561-810-0112x840
PRV00145,1537425047,Linda Clark,Endocrinology,453 Robert Knoll Apt. 675,North Rebeccaton,FL,53943,427-980-5944
PRV00146,6484305301,Billy Mitchell,Dermatology,42095 Megan Glen,East Jonathanshire,NM,65914,2325239971
PRV00147,2722634749,Brian Gallagher,Endocrinology,241 Kevin Lane Suite 824,West Margaret,ND,16296,561.906.7047x752
PRV00148,1383313934,Brian Cox,Endocrinology,832 Wolfe Summit,Lake Michael,IN,06876,001-703-265-6777x997
PRV00149,1032114233,Christina Galloway,Psychiatry,428 Kristin Mall,West Dakota,AL,97210,(234)745-3039x4421
PRV00150,9248207827,Jeffrey Francis,Oncology,967 Chan Spur,East Carolton,CO,32142,(295)310-8795x4555
PRV00151,1969505457,Dakota Rodriguez,Gastroenterology,4087 Williams Island Suite 798,East William,MO,34122,(566)694-9214
PRV00152,7065550952,Amanda Rodriguez,Orthopedics,6024 Douglas Camp,Romerofort,PR,68354,001-646-771-8660x4904
PRV00153,8101332077,Jacob Fuller,Oncology,80351 Kevin Loop,North Theresa,NM,68785,(476)295-4781
PRV00154,1942612964,Melissa Collins,Gastroenterology,99578 Kayla Extensions,South Kathleen,CA,47171,455-446-6775x596
PRV00155,2583512027,Crystal Deleon,Internal Medicine,4697 Kelly Valley Suite 572,Thomasfort,PR,20317,+1-789-395-2664x43907
PRV00156,4792497226,Rebecca Grimes,Oncology,6706 Freeman Drive Suite 236,North Kristenmouth,FL,61976,527.220.3654x74061
PRV00157,7667154349,Deanna Scott,Dermatology,4346 Hancock Islands Suite 150,Jamesshire,CT,79493,716-274-8452x70167
PRV00158,8457859038,Megan Ford,Pediatrics,325 James Way Apt. 453,New Stacy,PA,60070,756.461.3505x1687
PRV00159,2620051826,Bonnie Butler,Endocrinology,47775 Stephens Park,Jessicaville,VT,75388,001-326-716-8320x8911
PRV00160,6371266374,Tasha Sanders,Pediatrics,985 Vega Club,Villarrealmouth,ME,98036,+1-692-479-7615
PRV00161,4359818138,Barbara Frazier,Cardiology,012 Adam Islands Suite 026,Montgomerytown,NE,72519,6024387652
PRV00162,8222573585,Judith Cox,Psychiatry,229 Jessica Walk,North Marissa,IL,64684,+1-568-806-3649x0851
PRV00163,8030745161,Alfred Williams,Urology,87985 Merritt Wells Apt. 567,Roberthaven,NV,65997,353.410.5127x1327
PRV00164,9764777068,David Jackson,OB/GYN,5230 Wong Plains Suite 943,West Theodoreborough,ID,24292,+1-494-927-6159x5308
PRV00165,8765059231,William Johnson,Internal Medicine,6255 Flowers Wells,East Jonathan,SC,01324,443.481.1923x206
PRV00166,5728958445,Brian Torres,Gastroenterology,0798 Zimmerman Prairie Apt. 898,East Danielfort,IN,67867,(446)241-0058
PRV00167,4920716276,Brianna Lee,Urology,00043 Jessica Orchard Suite 591,East Michael,WA,12204,667.759.9133x131
PRV00168,5647190204,Christine Bautista,Pediatrics,99538 Schroeder Roads,Lisaville,MH,22442,001-931-861-6293x44989
PRV00169,7154351371,Matthew Baker,Cardiology,57763 Levine Road,Markborough,FM,78876,923-457-5900
PRV00170,9203749045,Kim Macias,Pediatrics,8344 Justin Island Apt. 553,Port Robertchester,WI,17938,4623659869
PRV00171,9198597631,Christopher Green,Psychiatry,77654 Allison Pine,Andrewfurt,WA,68898,(717)660-7191x35695
PRV00172,5806870422,Timothy Cook,Cardiology,2369 John Port,New Matthew,CT,27797,+1-955-463-5613
PRV00173,7588714091,Timothy Mathews,Endocrinology,517 Bennett Greens Apt. 772,Janetown,WY,69657,001-575-478-0231x345
PRV00174,8131834885,Tamara Lewis,Internal Medicine,5026 Bailey Via Suite 484,Millerville,OH,35821,+1-693-634-1668
PRV00175,6361048490,Bradley Ruiz,Dermatology,63371 Mathis Port Apt. 015,Port Scott,ID,04832,6273276740
PRV00176,3402493571,Gavin Reyes,Urology,889 Johnson Plains,Port Andrew,WV,50421,897-645-3671
PRV00177,7564269778,Kelsey Tran,Cardiology,143 Smith Lock,Lake Brianabury,CA,55442,280-927-7952x8134
PRV00178,1090343240,Tracy Hawkins,Endocrinology,25674 Vargas Tunnel Suite 699,North Jasonbury,IA,80404,310-435-3382
PRV00179,2118395701,Alan Diaz,Gastroenterology,4955 Watson Ford,New Biancaberg,HI,50454,001-236-533-6936x96029
PRV00180,2223127738,Mr. Terry White DVM,Pediatrics,42869 White Radial,East Patricia,GU,19785,545-773-9033x4364
PRV00181,6155881692,Anna Harris,Oncology,3788 Williams Forges Apt. 618,Port Robertchester,NY,50429,(838)636-8898x9751
PRV00182,8230694062,John Harris,Dermatology,2683 Charles Forks Apt. 463,Mayton,MO,45684,732-625-8499x7645
PRV00183,6828079170,Sheila Webster,Neurology,6509 Lauren Springs,Lake Conniebury,MI,19357,306-952-5136x369
PRV00184,4675193638,Pedro Reyes,OB/GYN,26168 Steven Orchard,East Karenstad,AR,74567,001-839-205-3742x8788
PRV00185,9069942469,Cynthia Drake,Neurology,04612 Nicholas Pass,West Devin,PW,39607,279-838-3039x6556
PRV00186,4468396938,Joshua Allen,Cardiology,72542 Heather Mountain,Michaelhaven,WA,71254,+1-813-844-8757x07720
PRV00187,9646696855,Troy Brown,Internal Medicine,8639 Pratt Square,East Dawnmouth,MN,58848,952.820.5739x00077
PRV00188,1586666819,Rebecca Parker,Dermatology,2134 Hall Coves,South Sandra,LA,65487,+1-972-545-4985x0434
PRV00189,8754472816,Amy Pittman,Oncology,7116 King Dam,Nicholasmouth,MO,23962,(393)672-9686
PRV00190,7564402112,Brandi Williams,OB/GYN,729 Henry Dam,North Angelaside,NJ,75347,+1-746-797-4958
PRV00191,5827117096,Michelle Delacruz,Family Medicine,63754 Carl Green,Williamton,LA,63174,798-683-0998
PRV00192,7225779049,Todd Marshall,Urology,939 Dustin Stravenue,Welchmouth,SC,93477,(503)400-1656
PRV00193,7611223171,Katherine Smith,Dermatology,0306 Mike Plaza,Port Oscar,SC,12820,768.616.9960
PRV00194,3114408682,Jason Webster Jr.,Orthopedics,7650 Rickey Meadow,Lake Dustin,ID,18985,(255)316-2020x445
PRV00195,9236941363,Morgan Sims,Gastroenterology,35327 Ricky Curve,Kristenburgh,NH,03735,8266483019
PRV00196,3194557406,Samantha Hall,OB/GYN,779 Annette Coves Suite 303,East Tracifurt,WV,53609,+1-237-592-1675x0977
PRV00197,7515089446,Maurice Johnson,Psychiatry,89715 Susan Green Suite 280,Christianhaven,PW,92254,+1-300-918-5708
PRV00198,9536616365,Joseph Chambers,Urology,045 Miller Circles Apt. 290,Leebury,FL,64273,791.998.2841x4191
PRV00199,6026455303,Monica Love,Urology,4878 Lawrence Hollow Suite 140,Moranfort,OR,86235,+1-641-294-6336x89162
PRV00200,6142626872,Melanie Green,Endocrinology,51461 John Oval Suite 761,Hesterchester,ID,52151,+1-722-460-0070x587
PRV00201,9605049605,Marc Payne,Oncology,793 Samantha Isle,Ramirezburgh,ME,88316,397.799.8317x17882
PRV00202,7783240283,Dana Hernandez,OB/GYN,381 Perez Ville Apt. 749,Lorimouth,PA,89803,001-371-374-6898
PRV00203,5585932979,Michael Medina,OB/GYN,46018 Jones Spring Suite 726,West Raymondfurt,MS,59814,876-231-7366
PRV00204,5384200896,Eric Carter,Urology,07629 Julia Parkways Suite 418,South Jennifermouth,GA,39441,+1-985-240-7129x674
PRV00205,3702659871,Kenneth Gray,Urology,40535 John Course Apt. 124,Trevorshire,PA,62632,001-782-881-6863x8099
PRV00206,5338467030,Margaret Allen,Gastroenterology,326 Daniel Creek Suite 257,Hammondhaven,GA,77578,485-239-8342
PRV00207,2304247753,Michael Moreno,Dermatology,2934 Roger Park Apt. 286,Valdezmouth,ME,36966,001-251-763-5153x1584
PRV00208,8872568926,Lawrence Robertson,Psychiatry,1009 Steven Forge,Carlberg,MO,24657,672-352-1216x223
PRV00209,6023487843,Jacqueline Gray,Psychiatry,309 Alexander Roads,Bensonfurt,ME,20068,+1-993-550-6732x084
PRV00210,5489907533,Scott Burnett,Oncology,39233 Meyer Brook,South Antonio,CT,23344,533.605.2826x83459
PRV00211,7831730581,Alyssa Woods,Oncology,80548 Jodi Loop,Amytown,WI,85193,961.376.7883
PRV00212,2525474959,Keith Tate,Internal Medicine,249 Smith Valleys,Smithborough,NY,44118,+1-227-606-8660
PRV00213,2900452285,Shannon Ramirez,Gastroenterology,37877 Katie Plaza Apt. 154,Oconnorbury,MP,92484,389-451-5686x773
PRV00214,5063584951,Leslie Young,Pediatrics,701 Richard Way Suite 437,Teresafurt,ND,66836,(649)341-2610x3522
PRV00215,5694628781,Johnny Edwards,Urology,064 Dustin Prairie,New Mark,ID,16628,001-609-432-5833x615
PRV00216,8253805657,Joel Reyes,Gastroenterology,846 Powell Island,Dennisview,PA,58353,671-582-4464
PRV00217,2307402154,Rachel Williams,Endocrinology,293 Mackenzie Meadows Apt. 488,East Elizabeth,AS,74445,001-274-200-9305x12233
PRV00218,1892100480,Jeffrey Wells,Oncology,0838 Dorothy Via Suite 620,Torrestown,PW,60734,001-526-808-5490x0627
PRV00219,2155643478,Rebecca Barker,Orthopedics,38092 Chavez Prairie Apt. 309,Joneshaven,MO,01264,(853)616-5091x3550
PRV00220,8124427125,Christopher Roberts,Internal Medicine,8228 Diane Spurs Apt. 906,Port Jeffrey,NV,13090,001-972-299-6345x1181
PRV00221,4164212748,Matthew Hood,Psychiatry,8017 Brown Islands Suite 247,East Keithville,WY,78290,(681)965-8929x77986
PRV00222,7684009679,Rodney Schmidt,Pediatrics,39832 Stacy Street Apt. 772,West Nicole,ME,19552,+1-222-562-3645x28365
PRV00223,6291888804,Lindsay Pham,Orthopedics,401 Colleen Burgs,Garzahaven,AZ,23324,662.256.3978x418
PRV00224,2716765623,Douglas Mueller,Oncology,804 Christopher Knolls Apt. 874,North Andreaview,MA,46203,913-366-7296x763
PRV00225,8686993425,Jesse Pearson,Psychiatry,3392 Connie Motorway Suite 514,West Victoria,AK,88776,001-510-446-2395x960
PRV00226,6249818241,Julie Guerra,Endocrinology,131 Jessica Fort,South Nicolemouth,FL,95183,+1-530-790-1035x169
PRV00227,4035211782,Heather Brown,Endocrinology,2944 Aguilar Lake Apt. 316,West Sarah,MI,78752,6168585834
PRV00228,7968378534,Jason Ray,Gastroenterology,28192 Holly Mews Suite 489,Sarahmouth,NV,07899,949-782-1135
PRV00229,9280686784,Kurt Werner,Orthopedics,41275 Michael Centers Apt. 277,South Bruceberg,CA,40334,+1-233-728-9629x225
PRV00230,2155739069,Joseph Lopez,Neurology,771 Gwendolyn Mission,South Shirley,KY,08427,+1-648-319-4209x172
PRV00231,4127800684,Laura Skinner,Internal Medicine,523 Matthew Mill,Ashleytown,OK,09128,4857948207
PRV00232,9355754757,Stephanie Page,Endocrinology,867 Browning Vista Suite 111,Port Mark,AZ,92532,001-653-796-6006
PRV00233,3261696819,Vicki Grimes,Psychiatry,52567 Jessica Manor,Woodardborough,AK,66072,+1-821-599-9013x74064
PRV00234,4343474169,Thomas Becker,Pediatrics,13330 Robert Villages Suite 752,South Christopher,UT,48194,980.934.5503x36559
PRV00235,7187679418,Brittany Jordan,Urology,803 Jones Glen,North Larry,PR,41283,714.317.7239x08033
PRV00236,8522103971,Victoria Higgins,Dermatology,8695 Kim Passage Suite 328,Amyville,VA,64381,(401)370-6292
PRV00237,8221552365,Rachel Molina,Cardiology,386 Dominguez Mall Apt. 694,Port Joyce,MN,80672,948-442-3704x1101
PRV00238,1456921979,James Smith,Internal Medicine,9630 Jackson Highway Suite 028,East Courtney,GA,28507,001-469-355-5255x85057
PRV00239,6675241636,Richard Stevens,OB/GYN,071 Peter Pine,Colonville,KS,68207,8802461559
PRV00240,5103071699,Joseph Dixon,Internal Medicine,30270 Benson Plaza Apt. 827,North Melissatown,MP,18967,+1-593-496-1755x2331
PRV00241,3566301252,Patricia Gregory,Family Medicine,13217 Church Gateway Apt. 293,Joneshaven,ND,23284,608-497-6391x558
PRV00242,5444060371,Ronald Mcneil,Neurology,7858 Rodriguez Circles Apt. 496,Watsonshire,CO,92907,+1-797-686-3846
PRV00243,7194577105,Monica Wagner,Urology,11717 Hill Island,Burchburgh,NC,97194,575-991-5118
PRV00244,8893585615,Thomas Brady,Gastroenterology,5020 Valerie Spur,Kevinbury,MP,47067,001-413-502-5643x23682
PRV00245,1741689883,Samuel Cole,Internal Medicine,99949 Martin Island Suite 332,Antonioberg,AK,57690,(763)728-5214
PRV00246,2716723119,William Williams,Cardiology,429 Brewer Valleys,Welchchester,RI,11991,5354370034
PRV00247,7226903347,Mr. Barry Gibson MD,Psychiatry,358 Jessica Port,West Ethanmouth,VI,87157,(956)221-1752x160
PRV00248,1995218293,Megan Medina,Neurology,4407 Brown Drive,South Caitlinton,IA,15771,7942003864
PRV00249,7785759477,Kathleen George,Dermatology,637 Natasha Way,Dawnville,MO,13015,(317)442-0187
PRV00250,6402531689,Robert Garcia,Cardiology,8275 Barron Track Suite 724,East Johnfurt,CA,16387,+1-332-351-7158x81796
PRV00251,3549572427,James Hunter,Psychiatry,746 Kennedy Lights Apt. 650,East Lisafort,NE,04406,500-880-7827x46189
PRV00252,5270887171,Brooke Thornton,Cardiology,6609 George Lodge Apt. 437,West Jennifer,OH,84206,704.608.1472x6454
PRV00253,7358262882,Lauren Serrano,Family Medicine,939 Cassandra Glen,East Bradleyberg,NC,98859,+1-278-718-8326x69205
PRV00254,6136283883,Michelle Mahoney,OB/GYN,53906 Mark Forest,South Juan,OR,84708,273.221.9372x62010
PRV00255,4924225404,Walter Higgins,Pediatrics,0744 Cross Neck Apt. 146,Blackburnbury,NC,20641,631-554-2355x2113
PRV00256,2663319635,Jordan Anderson,Family Medicine,59635 Katherine Mountain,Feliciamouth,TX,68911,2035364216
PRV00257,3330344113,Julia Moore,Gastroenterology,25353 Reed Stravenue,Brandonmouth,ID,99389,(235)953-7760x7575
PRV00258,6924863965,Joshua Hardy,Endocrinology,997 Erickson Heights Apt. 873,Lake Saraburgh,NV,28167,6393970448
PRV00259,5636496440,Sharon Burnett,Pediatrics,98037 Ralph Hills Suite 984,Carriefurt,MO,66012,536.797.1600
PRV00260,8902655392,Christopher Williams,Gastroenterology,07302 Williams Village,Jamiechester,MH,69528,(400)898-3252
PRV00261,9742275533,Alicia Gutierrez,Family Medicine,95803 Kaylee Orchard,Jonesburgh,KY,68526,398-293-2519x4439
PRV00262,1553729775,Adam Pierce,Family Medicine,33837 Ross Rapids Suite 151,Kington,AK,44083,3616304951
PRV00263,4353483334,Mark Jackson,Dermatology,238 Tim Loop Suite 005,Evanston,VA,58334,(731)729-5688x948
PRV00264,1391003979,William Jones,OB/GYN,93631 Sandra Bridge Apt. 178,East Michaelside,SC,23214,507-856-2952
PRV00265,7217026840,Mark Woods,Family Medicine,88147 Bethany Motorway Apt. 402,Lake Travis,ND,26354,(333)310-2793x74618
PRV00266,8005362360,Carl Jordan,Orthopedics,36464 Nicholas Bypass Apt. 356,Kathrynview,NV,93394,001-759-458-6051x503
PRV00267,2044071056,Frank Anthony,Dermatology,8265 Chung Burgs Apt. 295,Braymouth,TX,71291,001-206-237-4641x8371
PRV00268,6047774289,William Murphy,Family Medicine,09753 Marie Burgs,Colleenville,DC,49084,001-908-641-7329x99384
PRV00269,3844924776,Timothy Osborne,OB/GYN,84228 Stephanie Square Suite 663,South George,GU,71646,211-431-4026x6019
PRV00270,5605425642,Bianca Patel,Urology,4327 Dana Fork Suite 867,Davidhaven,VI,17417,001-908-448-8205
PRV00271,5193621873,Jennifer Robbins,Pediatrics,2329 Alvarado Street,East Jason,NY,44360,001-721-701-0470x149
PRV00272,1192868483,Adam Sanders,Pediatrics,43254 Cox Camp,East Meganfurt,SD,60524,(857)499-0410x665
PRV00273,2590225367,Sylvia Sutton,Gastroenterology,391 Johnson Camp Suite 063,Cobbtown,PA,91602,(295)934-5064
PRV00274,1172305235,Jennifer Noble,Orthopedics,0123 Richard Villages,Hernandezland,IL,25529,001-655-713-3129
PRV00275,5437500283,Michael Stanley,Oncology,4653 Shawn Forges Suite 089,Sarahstad,OK,89145,(558)784-6163x793
PRV00276,9084483985,James Hudson,Gastroenterology,0042 Jones Plaza Apt. 556,Stoutshire,FL,34192,+1-298-204-7850x277
PRV00277,2159596010,Rachel Robinson,Family Medicine,613 Ball Landing Suite 766,South Ianborough,HI,13558,(395)595-2823x4831
PRV00278,8732631031,Veronica Johnson,Dermatology,0531 Branch Island Apt. 735,Port Justin,NV,95113,984-914-3730x615
PRV00279,2296391281,Thomas Harris,Internal Medicine,364 Greene Village Apt. 966,North Michaelstad,MI,52435,623.610.9275
PRV00280,9839740875,Joe Perez,OB/GYN,98243 Ashley Hills,Morrisshire,OH,47249,238-952-8264x00065
PRV00281,5853334086,Mark Morris,Dermatology,848 Powell Terrace Suite 471,Port Edwardland,SD,47678,626.834.5033
PRV00282,8206061051,Mary Lamb,Neurology,6797 Smith Mission Suite 869,New Michael,NE,22792,+1-959-380-3150
PRV00283,3393059118,David Hardy,Internal Medicine,118 Perez Course Suite 235,West John,MO,76635,517.864.1057x5894
PRV00284,9259381115,Bethany Manning,Orthopedics,95187 Harrison Summit Suite 356,Georgemouth,MN,33364,(250)812-3288
PRV00285,8660595667,Monica Cook,Oncology,57710 Thomas Corners,North William,LA,20317,+1-219-371-8038x57130
PRV00286,3066533911,Ian Bates,Endocrinology,068 Lisa Rapid Suite 200,East Gerald,PW,94160,+1-241-992-3003x26932
PRV00287,3300466123,Ryan Owens,Pediatrics,27478 Matthews Rest Suite 635,Mendozatown,ID,44073,001-924-683-7622x90895
PRV00288,4191927694,Rodney Patrick,Dermatology,8863 Matthew Inlet Suite 959,Greenland,SD,65512,001-558-592-8917x75518
PRV00289,6885616477,Jennifer Waller,Cardiology,5888 Rachel Expressway,New James,ND,04648,(350)252-2368x72811
PRV00290,2392515939,Deborah Rogers,Oncology,18120 Ballard Vista Suite 357,Hartmanfort,NH,83287,479-664-6514
PRV00291,2483392742,Tanya James,OB/GYN,22961 Richard Station,Michaelhaven,DC,52676,701.836.1095
PRV00292,1278583920,Christopher Young,Endocrinology,92337 Alyssa Mountain,Timothyfurt,AK,02108,451-667-2049x53857
PRV00293,6642084533,Steven Hernandez,Dermatology,57093 Vanessa Points Suite 274,East Davidshire,AL,42528,6328323833
PRV00294,6664199884,Joseph Weaver,Dermatology,926 Sandra Extensions,Reyesberg,PW,87019,+1-827-837-1507x27288
PRV00295,3152022831,Casey Graham,Dermatology,23993 Weber Harbors,North Timothyland,WI,99864,+1-500-640-3237x942
PRV00296,1523401844,Janice Lane,Oncology,9061 Phillips Hills Apt. 371,Debraburgh,RI,01585,(782)947-9621
PRV00297,5590659231,Anthony Berg,Orthopedics,9227 Lee Locks,East Jacquelinechester,HI,57949,(863)696-8156
PRV00298,7355253829,Clayton Henry,Dermatology,0054 Crawford Corners,Lorraineshire,FL,07429,(907)817-4362x63561
PRV00299,9460021030,Aaron Estrada,Orthopedics,301 Rojas Ports Apt. 638,North Cameron,SD,99504,2279200333
PRV00300,4441847976,Daniel Ruiz,Internal Medicine,3250 Graham Bypass,Juliebury,NJ,75379,(854)310-9886
PRV00301,9799211770,Sarah Williams,Pediatrics,245 Kim Haven,South Cynthia,SC,10262,+1-302-727-2229x25939
PRV00302,9557711729,Gabriella Decker,Psychiatry,02109 Brandon Divide Apt. 270,Smithburgh,CO,05689,+1-874-978-1889x334
PRV00303,6749453106,Annette Singh,Neurology,9773 Fuentes Fall,North Louis,IL,65926,7855932398
PRV00304,8058782583,Kelly Bradley,Neurology,67265 Schroeder Greens Apt. 515,Lake Barbara,KY,23414,673.244.7525
PRV00305,6615189876,Lisa Hines,OB/GYN,966 Lyons Knoll,East Erin,DE,11531,(635)903-5668
PRV00306,9502982661,Karen Stevens,Endocrinology,085 Zimmerman Lights Apt. 591,Sergioville,NE,38371,459.336.2850
PRV00307,3179876716,Patricia Skinner,Oncology,930 French Mountains,Thompsonmouth,VA,32395,700-307-3955
PRV00308,5932147165,Robert Smith,Family Medicine,4819 Parrish Island,Schneiderburgh,OK,41292,+1-793-321-8974
PRV00309,1484306588,William Oconnell,Gastroenterology,6766 Vanessa Walk,Adrianville,ID,51368,365.467.7619x4747
PRV00310,1459293494,Anna Ellis,Neurology,86252 Melissa Meadow,East Kristinechester,OK,24373,955.612.3072
PRV00311,9876723417,John Smith,Dermatology,499 Chavez Hills,Charlesmouth,NJ,06857,621.314.6654
PRV00312,4653415119,Clinton Campbell,Endocrinology,17228 Allen Course Apt. 757,South Brandon,KS,00849,+1-564-634-5744x733
PRV00313,4600314812,Peter Scott,Gastroenterology,08156 Tate Fork Apt. 038,Kimberlymouth,MA,71983,+1-269-896-0894x0834
PRV00314,8996516431,Alan Coleman,Oncology,7464 Sandra Pike,Port Frank,VI,68442,9523503673
PRV00315,7830540517,Julie Collins,Family Medicine,629 Rodriguez Isle Apt. 301,North James,MA,81878,8723578777
PRV00316,2218707318,Nancy Reyes,Psychiatry,852 Tucker Loop,West Davidstad,IA,27319,001-986-702-0339x6955
PRV00317,7863692750,Dana Fox,Cardiology,11912 Susan Turnpike,North Susanchester,WI,42067,637.579.7600
PRV00318,7122235698,Justin Price,Cardiology,345 Richards Port Suite 148,Port Robert,OR,56874,661-769-1873x71249
PRV00319,9488155355,Seth Nixon,Gastroenterology,389 Mcmahon Haven Apt. 468,Mortonview,OH,25669,+1-733-541-1433
PRV00320,1864850215,Amy Roman,OB/GYN,267 Alicia Drives,East Thomas,FL,45177,782.939.2970
PRV00321,9057667487,Spencer Ward,Urology,16410 Stone Estates,Kylefort,KS,14313,561.643.6413
PRV00322,7805794875,Amber Hendricks,Internal Medicine,0075 Sandra Station Apt. 811,North Robertport,AR,74992,775-807-0880x61681
PRV00323,9537887430,Antonio Richardson,Family Medicine,24636 Jensen Skyway Suite 876,North Crystal,TX,07354,001-539-979-0675x9942
PRV00324,9613587305,Rhonda Powell,Family Medicine,5312 Brian Valleys,Lake Samuelville,TN,25362,(816)257-7869x1708
PRV00325,8824850135,Dr. Tyler Richards,Internal Medicine,0765 Brittany Mills,Bakerchester,TN,96089,(651)563-0359
PRV00326,8502708466,Robert Rowe,Oncology,3831 Joseph Road Suite 432,Josephbury,PW,02475,+1-658-821-9795x94193
PRV00327,7663112663,John Simpson,Neurology,24322 Taylor Skyway Suite 509,Ralphstad,WA,31958,811.920.7154x32485
PRV00328,7519179189,Larry Munoz,Oncology,5863 Lawrence Mill,North Jasonstad,PA,11488,(536)375-7308x2272
PRV00329,6616783900,Charles Maldonado,Endocrinology,8035 Rebecca Squares,Lake Jill,OK,51605,775-388-3025x482
PRV00330,5185670296,Amanda Newton,Dermatology,33353 Martinez Islands Apt. 842,Baileyview,PW,53027,669-550-5430x083
PRV00331,3734452843,Brendan Wright,Dermatology,7918 James Via,Richardborough,IA,80562,001-505-605-0217
PRV00332,3430558587,Mr. Bradley Meza,OB/GYN,7093 Sandra Dam,Howeshire,HI,82742,+1-299-860-5137x663
PRV00333,7102581867,Anthony Vincent,Orthopedics,50554 Sarah Junction,Leetown,NJ,07596,264-768-4063x0311
PRV00334,3876237781,Sarah Martinez,Dermatology,6970 Pena Cliff,Port Stephaniestad,OH,46588,(814)662-0396
PRV00335,4973547619,Christopher Warner,Internal Medicine,2849 Douglas Causeway Apt. 718,Keithside,HI,63064,+1-341-209-2805
PRV00336,6941727313,Christopher Wright,Family Medicine,280 Ronald Trail Suite 068,North Alexmouth,NY,50934,303.638.2901x943
PRV00337,8651655383,Jamie Jackson,Psychiatry,7109 Angela Meadows,East Darleneside,OH,16539,001-662-924-5869x9748
PRV00338,6740401196,Jessica Holland,Gastroenterology,05426 Russell Oval Apt. 833,Youngville,NH,77246,(240)458-6566x097
PRV00339,4451135325,Michael Pugh,Psychiatry,0616 Wade Cliff Apt. 511,New Alejandraton,WA,39066,711-402-4890x880
PRV00340,2522551972,Albert Hansen,Psychiatry,49666 Clark Expressway,Whiteborough,PR,74318,937.398.2738
PRV00341,1636773206,David Patton,OB/GYN,5731 Garcia Spring,Port Ashleyville,LA,17983,953-912-5213
PRV00342,8791296743,Andrew Moore,Pediatrics,1171 Craig Mall,Lynnton,MN,67083,(212)745-3395
PRV00343,4684583870,Jennifer Brown,Orthopedics,15985 Owens Turnpike,Kimberlyland,AS,60283,984.805.3606
PRV00344,8671486032,Dale Navarro,Endocrinology,3694 Dylan Avenue Apt. 755,West Tamaraberg,MH,23111,5475145445
PRV00345,7501671399,Jennifer Vaughn,OB/GYN,89462 Cody Rue Apt. 420,Lake Sherry,OK,02491,713.647.2726
PRV00346,6470392893,Gilbert Ayala,Urology,1429 Allison Hollow,West Marissa,CA,35534,001-358-382-1374x33738
PRV00347,3086469822,Fernando Austin,Orthopedics,6987 Margaret Parks Suite 134,Lake Vanessaport,MI,12444,366.283.3662x545
PRV00348,8858162315,Carlos Robinson,Urology,579 Luis Rapids Suite 348,Hoffmanshire,ND,52726,2256245100
PRV00349,8370936707,Rachel Elliott,OB/GYN,83589 Robinson Common,Davidville,VI,34723,+1-324-513-5056
PRV00350,1276772820,John Washington,Internal Medicine,74838 Paul Extensions,Laraside,AZ,01716,+1-680-773-3106x2008
PRV00351,5151149441,Teresa Clark,Cardiology,08215 Joshua Extensions,Hansonside,MD,21707,+1-447-672-2227x652
PRV00352,4136036815,Mrs. Kimberly Murray,Cardiology,8428 Dennis Coves,Bradychester,AK,09022,(259)622-0059x10122
PRV00353,2087587724,Misty Sparks,Internal Medicine,931 Sullivan Street,Cruzborough,KY,94810,(731)652-6358x5032
PRV00354,5719964456,Crystal Haas,Psychiatry,02853 Joshua Estates Apt. 368,Parkerland,LA,66031,001-904-456-9255x7281
PRV00355,4107432840,Gregory Davis,Gastroenterology,62218 Cynthia Creek,Port Barbarafort,IN,71401,450.814.4484
PRV00356,5677915238,Nicole Young,Family Medicine,6486 Robert Cliffs Suite 446,Jasminetown,LA,17503,689.852.9052
PRV00357,9808429954,Kevin Rodriguez,Endocrinology,934 Bonilla Junctions,North Margaretport,GU,01425,2407977033
PRV00358,7590567962,Paul Gutierrez,Cardiology,8355 Reilly Bypass Apt. 293,Lake Brian,CO,05051,001-723-435-3306x5862
PRV00359,4977307832,Shannon Spence,Orthopedics,4669 Jamie Station,Teresashire,MI,90663,870-471-5225
PRV00360,2197236657,Denise Thompson,Urology,295 Miller Forge,Lake Olivia,VI,64385,506.329.7459x9156
PRV00361,3767126413,Mark Lee,Psychiatry,1597 Craig Parkway,Port Kimberlyport,MT,27484,001-820-776-1209x0179
PRV00362,7216075748,Amanda Ortiz,OB/GYN,057 Michael Trail,Abbottland,NC,34312,001-484-763-5638x13587
PRV00363,7476030700,Dr. Brian Lucas,Gastroenterology,36676 Horton Via Apt. 508,Lake Christianchester,PW,07704,337.394.6548x380
PRV00364,8962339607,Christopher Cross,OB/GYN,12460 Danny Fields,South Alan,ID,28752,(580)730-9221x362
PRV00365,5935490901,William Johnson,Internal Medicine,54403 Johnson Pike,Port Christopherborough,DE,82919,(271)300-8094x14425
PRV00366,1864147695,Curtis Frazier,Endocrinology,2886 Amy Plain Apt. 711,Lake Brendanland,SC,05534,+1-988-634-1819x4847
PRV00367,6401391859,Jose Alvarez,Oncology,3051 Erin River Apt. 827,New Adrian,AL,54873,+1-394-600-0123x731
PRV00368,3087244060,Jordan Dunn,Urology,24252 Samantha Streets,New Jenniferfort,IN,07340,001-887-693-4354x09782
PRV00369,8339243034,Jasmine Fitzgerald,Family Medicine,476 Brittany Burgs,Evanschester,OK,55303,+1-663-331-7895x361
PRV00370,7185831960,Sara Callahan,Family Medicine,0396 Long Common,South Corey,LA,59474,273.255.3504x81754
PRV00371,1432755067,Daniel Day,Neurology,662 Matthew Greens Apt. 543,South Shannonhaven,MN,43853,(906)368-5701x597
PRV00372,6474213541,Troy Johnson,Oncology,30780 Rachel Burg Apt. 091,Burnsfurt,MI,55428,001-829-913-3307x53926
PRV00373,6353029665,Stephen Santana,Urology,4843 Lauren Burgs,Nelsonstad,CT,92368,(511)333-0342x59307
PRV00374,5854178644,Sarah Brooks,Pediatrics,88401 Johnson Locks,Port Rachelchester,MO,52098,674-982-8216x21366
PRV00375,9840889094,Sarah Carpenter,Cardiology,2939 Bennett Mount,New Ray,FL,97730,736.707.4293
PRV00376,3187708792,Jonathon Hamilton,Endocrinology,008 John Ports Apt. 898,Port Monicaborough,SD,32734,600-889-7552x37060
PRV00377,6455305167,Wesley Jones MD,OB/GYN,2260 Washington Spurs,East Jennifer,MD,83572,839-861-9682
PRV00378,8281785657,Hailey Lee,Psychiatry,7939 Duncan Gateway Apt. 055,West Cynthia,MP,41690,001-927-722-2380x655
PRV00379,3110231086,Brian Lopez,Dermatology,376 Golden Path Apt. 232,East Matthew,NH,82729,267.839.9719x274
PRV00380,3020992831,Nathaniel Christensen,Psychiatry,27440 Wells Lake Suite 511,Velasquezburgh,NH,87212,642-846-5091x78757
PRV00381,4259522730,Maureen Small,Orthopedics,00020 Moore Overpass Suite 965,Gordonborough,FL,79081,(358)463-3327x39502
PRV00382,8276410617,Sara Parker,Urology,4069 Rachel Overpass,New Stephaniehaven,PR,78164,001-493-915-0763x37222
PRV00383,1641795013,Michelle Lane,Oncology,34966 Caldwell Lodge Apt. 684,Mendezport,VA,56695,351-922-4882
PRV00384,3963988604,David Robinson,Oncology,9188 Mack Plaza Suite 544,Kennedymouth,ME,34930,+1-388-986-4180x56711
PRV00385,6210571858,Julie Donaldson,Gastroenterology,6153 Bernard Common Suite 554,Port Patrickton,PR,29113,245-231-7260
PRV00386,7415524418,Cody Rojas,Endocrinology,49131 Johnston Road,West Christinaburgh,VA,92163,+1-233-669-7911x2754
PRV00387,1508554572,Keith Johnson,Orthopedics,828 Steven Plaza,Holtberg,OK,31246,9265728938
PRV00388,8294352336,Alicia Cruz,Pediatrics,81440 Sparks Spring,Michelehaven,NC,04805,(999)263-9032
PRV00389,9968015249,Suzanne Edwards PhD,Cardiology,6272 Alicia Via Apt. 719,North Ashley,AK,48125,001-976-594-1477
PRV00390,9804816141,Isaac Farley,Oncology,4286 Cody Parks Apt. 064,East Jenny,SC,04948,001-514-456-0918
PRV00391,3941050805,Brian Bryant,Pediatrics,35318 Andrea Vista Suite 268,West Robertoville,DC,65398,(740)875-0452x65871
PRV00392,3419184789,Audrey May,Cardiology,087 Waters Drive,New Kristen,WA,14236,854.320.6444
PRV00393,9092944994,Julie Harris,Oncology,1409 Joseph Villages,North Taylortown,IN,01789,001-572-658-0521
PRV00394,2407207212,Samuel Morales,OB/GYN,08721 Helen Vista,Lake Sean,UT,82222,001-646-784-4851x30041
PRV00395,3643012205,Nathaniel Garcia,Neurology,842 Theresa Camp Apt. 899,Kingfurt,ND,91587,741.976.6958
PRV00396,4191378271,Shelley Garcia,Internal Medicine,3859 Gary Squares Apt. 153,South Rebecca,MH,87043,337-366-2846x95326
PRV00397,6759863865,Kimberly Rogers,Dermatology,6186 Amanda Circles Suite 132,Nelsonside,PR,19097,+1-442-215-3204x223
PRV00398,2628980321,Alicia Hicks,Endocrinology,84538 White Rapids Suite 380,Perezstad,NC,92709,001-813-807-4907
PRV00399,6711595299,Richard Ward,Internal Medicine,850 Roberts Plains Suite 303,Stephaniefort,OR,36492,498-274-8891x2545
PRV00400,5782019084,Daniel George,Pediatrics,482 Daniel Wall,Thorntonchester,HI,27402,001-877-715-4215x354
